{
    "selections": [
        {
            "gamma": 0.9192988828234705,
            "lr": 2.5e-07,
            "drop": 2,
            "height": 8,
            "bumpiness": 13,
            "total_height": 14,
            "holes": 15
        },
        {
            "gamma": 0.9192988828234705,
            "lr": 0.0001,
            "drop": 2,
            "height": 18,
            "bumpiness": 6,
            "total_height": 16,
            "holes": 15
        },
        {
            "gamma": 0.9192988828234705,
            "lr": 0.0005,
            "drop": 2,
            "height": 8,
            "bumpiness": 6,
            "total_height": 5,
            "holes": 15
        },
        {
            "gamma": 0.9192988828234705,
            "lr": 0.0005,
            "drop": 2,
            "height": 14,
            "bumpiness": 6,
            "total_height": 3,
            "holes": 2
        }
    ]
}