{"selections": [{"gamma": 0.9655169727100497, "lr": 5.186622938767696e-06, "drop": 3, "height": 8, "bumpiness": 11, "total_height": 5, "holes": 2}, {"gamma": 0.9634690287017147, "lr": 1.3817747127204475e-06, "drop": 5, "height": 8, "bumpiness": 11, "total_height": 9, "holes": 14}, {"gamma": 0.9156381118178114, "lr": 1.3817747127204475e-06, "drop": 3, "height": 8, "bumpiness": 11, "total_height": 9, "holes": 2}, {"gamma": 0.9655169727100497, "lr": 3.6243327980743555e-05, "drop": 3, "height": 8, "bumpiness": 11, "total_height": 5, "holes": 2}]}