{
    "selections": [
        {
            "gamma": 0.9300017838443879,
            "lr": 1.952504967188989e-05,
            "drop": 3,
            "height": 16,
            "bumpiness": 16,
            "total_height": 7,
            "holes": 18
        },
        {
            "gamma": 0.9575813280484516,
            "lr": 3.842102821343203e-05,
            "drop": 1,
            "height": 16,
            "bumpiness": 16,
            "total_height": 7,
            "holes": 1
        },
        {
            "gamma": 0.9300017838443879,
            "lr": 3.842102821343203e-05,
            "drop": 3,
            "height": 16,
            "bumpiness": 16,
            "total_height": 18,
            "holes": 18
        },
        {
            "gamma": 0.9252635066270241,
            "lr": 5.67744090478074e-05,
            "drop": 3,
            "height": 9,
            "bumpiness": 4,
            "total_height": 18,
            "holes": 1
        }
    ]
}